delete from api_token;

INSERT INTO api_token (id, user_id) VALUES ('adminstmadmin', '1');
INSERT INTO api_token (id, user_id) VALUES ('wilsonstmstatistics-n', 'e98a28756cae4e648d70b02e42aa5ae0');
INSERT INTO api_token (id, user_id) VALUES ('chuckstmstatistics-n', 'b46730fd0cf4439e9b0e70b2a87d0229');
INSERT INTO api_token (id, user_id) VALUES ('wilsonstmhr-n', 'e98a28756cae4e648d70b02e42aa5ae0');
INSERT INTO api_token (id, user_id) VALUES ('chuckstmhr', 'b46730fd0cf4439e9b0e70b2a87d0229');
INSERT INTO api_token (id, user_id) VALUES ('Albertstmcandidate', '12c659ac34cc4027a48afc803710f0c0');
INSERT INTO api_token (id, user_id) VALUES ('Ariesstmcandidate', '340d50fb7abb42b8b284d9f27e7f690e');
INSERT INTO api_token (id, user_id) VALUES ('Taurusstmcandidate', 'a2ee7e34d47f4c2fbb8496da39a5c552');
INSERT INTO api_token (id, user_id) VALUES ('Jacobstmcandidate', '6295b6cb0d884532a3cac1c3f744bde9');
INSERT INTO api_token (id, user_id) VALUES ('Geministmcandidate', '32aac421df254c6ebd8e8ac0658a1cbb');
INSERT INTO api_token (id, user_id) VALUES ('Garrystmcandidate', 'eae6649eaac04b6ab54c3f806d3d4996');
INSERT INTO api_token (id, user_id) VALUES ('Cancerstmcandidate', 'f85a6603034f4ce48f064bf6c5280512');
INSERT INTO api_token (id, user_id) VALUES ('Yorkstmcandidate', '628c515fe6d2423a8d5c3bc0856664e7');
INSERT INTO api_token (id, user_id) VALUES ('Leostmcandidate', '64d5878fd01743efa2f0385f9194a0a5');
INSERT INTO api_token (id, user_id) VALUES ('Darwinstmcandidate', '87f047482ac24444874235b7e2ac784d');
INSERT INTO api_token (id, user_id) VALUES ('Virgostmcandidate', 'c1c841ca683741c2a5ba3ae7d36dbc35');
INSERT INTO api_token (id, user_id) VALUES ('Felixstmcandidate', '4f9322aa11a34a9d96ed076a1e8f4271');
INSERT INTO api_token (id, user_id) VALUES ('Librastmcandidate', '727399be28b044e08723985b6d61ea0c');
INSERT INTO api_token (id, user_id) VALUES ('Scorpiostmcandidate', 'd6f61fcc35944c53955358de7b28e8ee');
INSERT INTO api_token (id, user_id) VALUES ('Sagittariusstmcandidate', '81f3df113ed04218b42a6767e321fc6e');
INSERT INTO api_token (id, user_id) VALUES ('Hackettstmcandidate', '9c22f66a30844cbeb4c2b79beb12a35e');
INSERT INTO api_token (id, user_id) VALUES ('Capricornusstmcandidate', '64745d7151bf4785b9bd46fcde4e3bad');
INSERT INTO api_token (id, user_id) VALUES ('Hammerstmcandidate', '8f75b4944684454a9702c9500b2d7ffd');
INSERT INTO api_token (id, user_id) VALUES ('Aquariusstmcandidate', 'e334f8a9949e48c99cfd45d83cbdb8c7');
INSERT INTO api_token (id, user_id) VALUES ('Ikestmcandidate', 'aa4a7de39701439ab117724d4b7a9a53');
INSERT INTO api_token (id, user_id) VALUES ('Karlstmcandidate', 'acc49561d7154b8ca009462142dbe5fd');
INSERT INTO api_token (id, user_id) VALUES ('Langstonstmcandidate', '9a5ae44e179449f0baad0f74e115ad13');
INSERT INTO api_token (id, user_id) VALUES ('Piscesstmcandidate', '0f80a33b49c949d199c74763f67f19ce');
INSERT INTO api_token (id, user_id) VALUES ('mengniustmstatistics-n', '658032666cf74bcb863898a9e2aeb030');
INSERT INTO api_token (id, user_id) VALUES ('mengniustmhr', '658032666cf74bcb863898a9e2aeb030');
INSERT INTO api_token (id, user_id) VALUES ('wilsonstmhr', 'e98a28756cae4e648d70b02e42aa5ae0');


--
-- TOC entry 7834 (class 0 OID 1252050)
-- Dependencies: 2300
-- Data for Name: application; Type: TABLE DATA; Schema: xu_xi_rd4; Owner: xu_xi
--
delete from application;
INSERT INTO application (id, step, resume_id, job_id, user_id, create_time, update_time) VALUES ('a00b082795e54a8c910910a65f15b07b', '0.0', '4058a303d3af4080a892b801ea3430c6', '4df3a30f87da44cfb6bd61ad6c86a005', '12c659ac34cc4027a48afc803710f0c0', '2018-09-11 10:34:10.582', '2018-09-11 10:34:10.573');
INSERT INTO application (id, step, resume_id, job_id, user_id, create_time, update_time) VALUES ('45b129d9f8e24280ac098ef6fa76bfc4', '0.0', '755d7c026ac2456bb8321a1870c41d8e', '4df3a30f87da44cfb6bd61ad6c86a005', '6295b6cb0d884532a3cac1c3f744bde9', '2018-09-11 10:35:33.731', '2018-09-11 10:35:33.723');
INSERT INTO application (id, step, resume_id, job_id, user_id, create_time, update_time) VALUES ('e4831568201e480c95882fa3cb059a74', '0.0', '8f629adf6d5b41a381b4ac8630d640b6', '4df3a30f87da44cfb6bd61ad6c86a005', 'eae6649eaac04b6ab54c3f806d3d4996', '2018-09-11 10:37:30.074', '2018-09-11 10:37:30.067');
INSERT INTO application (id, step, resume_id, job_id, user_id, create_time, update_time) VALUES ('a7dc309b953149949b5f77c8d4641ab5', '0.0', 'b7d2bdc27c864b889e02046a56fbba23', '05b580643e0c4fc3a82fbb3f20ed515a', '628c515fe6d2423a8d5c3bc0856664e7', '2018-09-11 10:38:41.125', '2018-09-11 10:38:41.115');
INSERT INTO application (id, step, resume_id, job_id, user_id, create_time, update_time) VALUES ('519e11c645d24dd6b1ee7519cc06fe1f', '0.0', 'd178416261054123915d7f80ba127b55', '4df3a30f87da44cfb6bd61ad6c86a005', '628c515fe6d2423a8d5c3bc0856664e7', '2018-09-11 10:38:43.557', '2018-09-11 10:38:43.546');
INSERT INTO application (id, step, resume_id, job_id, user_id, create_time, update_time) VALUES ('519097a026ff48a6b225d46c622dee26', '0.0', 'd857707a76694e6795d7952a663da1b1', '05b580643e0c4fc3a82fbb3f20ed515a', '87f047482ac24444874235b7e2ac784d', '2018-09-11 10:41:24.029', '2018-09-11 10:41:24.02');
INSERT INTO application (id, step, resume_id, job_id, user_id, create_time, update_time) VALUES ('591d95c1a10e44039ec1b962b4a61184', '0.0', '872d907f837549c29c62c337b30b7efc', '4df3a30f87da44cfb6bd61ad6c86a005', '87f047482ac24444874235b7e2ac784d', '2018-09-11 10:41:25.659', '2018-09-11 10:41:25.651');
INSERT INTO application (id, step, resume_id, job_id, user_id, create_time, update_time) VALUES ('10d6892fc8f64a6cae0e8e17834775f2', '0.0', '07fa78763f1c478d8bd4f7596a7268d5', '4df3a30f87da44cfb6bd61ad6c86a005', '0f80a33b49c949d199c74763f67f19ce', '2018-09-11 10:41:39.202', '2018-09-11 10:41:39.196');
INSERT INTO application (id, step, resume_id, job_id, user_id, create_time, update_time) VALUES ('72da7cfef10944dabf056695385f6508', '0.0', '01d5d1c1096f453398243726d67d47b7', '4df3a30f87da44cfb6bd61ad6c86a005', '4f9322aa11a34a9d96ed076a1e8f4271', '2018-09-11 10:42:11.46', '2018-09-11 10:42:11.455');
INSERT INTO application (id, step, resume_id, job_id, user_id, create_time, update_time) VALUES ('1e2ab790fc0c4d50b97da48cac3643ee', '0.0', '787a2610c711493e9fa14eba0ae3d3da', '05b580643e0c4fc3a82fbb3f20ed515a', '4f9322aa11a34a9d96ed076a1e8f4271', '2018-09-11 10:42:13.526', '2018-09-11 10:42:13.518');
INSERT INTO application (id, step, resume_id, job_id, user_id, create_time, update_time) VALUES ('8bd54407492441bb8e197754df2f265d', '0.0', 'a42ee0e011a7469382961da1560bcdcf', 'bed5ac692b1c4c09b8c133fafe793fb9', '9c22f66a30844cbeb4c2b79beb12a35e', '2018-09-11 10:43:30.982', '2018-09-11 10:43:30.974');
INSERT INTO application (id, step, resume_id, job_id, user_id, create_time, update_time) VALUES ('d994bfd8be5445edaa182cfafcf54436', '0.0', '2681b697568b4d2d8e37dd29fbbeb297', '4df3a30f87da44cfb6bd61ad6c86a005', '9c22f66a30844cbeb4c2b79beb12a35e', '2018-09-11 10:43:32.788', '2018-09-11 10:43:32.783');
INSERT INTO application (id, step, resume_id, job_id, user_id, create_time, update_time) VALUES ('529ecbb37c014edda521c39c68600ea2', '0.0', 'f635a33819c945aaaf5dfa10af21998d', '05b580643e0c4fc3a82fbb3f20ed515a', '9c22f66a30844cbeb4c2b79beb12a35e', '2018-09-11 10:43:34.901', '2018-09-11 10:43:34.893');
INSERT INTO application (id, step, resume_id, job_id, user_id, create_time, update_time) VALUES ('345d39d75f774efc8b655ba128efbadb', '0.0', '5b386988224945ed87ffcf8a569e1221', 'bed5ac692b1c4c09b8c133fafe793fb9', '8f75b4944684454a9702c9500b2d7ffd', '2018-09-11 10:44:33.868', '2018-09-11 10:44:33.861');
INSERT INTO application (id, step, resume_id, job_id, user_id, create_time, update_time) VALUES ('7e54c18ded7b4ee4a570a644c2b7c99a', '0.0', '69eb91b18a1b44ffb39dca87961f3391', '4df3a30f87da44cfb6bd61ad6c86a005', '8f75b4944684454a9702c9500b2d7ffd', '2018-09-11 10:44:35.595', '2018-09-11 10:44:35.59');
INSERT INTO application (id, step, resume_id, job_id, user_id, create_time, update_time) VALUES ('0c5600a5677349a8b16fa7f76472fc64', '0.0', '48e8681acfc24cb89e926347da1d17a1', '05b580643e0c4fc3a82fbb3f20ed515a', '8f75b4944684454a9702c9500b2d7ffd', '2018-09-11 10:44:37.659', '2018-09-11 10:44:37.652');
INSERT INTO application (id, step, resume_id, job_id, user_id, create_time, update_time) VALUES ('a215c8563d884b9da92bde5d5e48382e', '0.0', '1eefa451572445058374039cb8b2362d', '05b580643e0c4fc3a82fbb3f20ed515a', '340d50fb7abb42b8b284d9f27e7f690e', '2018-09-11 10:45:00.849', '2018-09-11 10:45:00.842');
INSERT INTO application (id, step, resume_id, job_id, user_id, create_time, update_time) VALUES ('c83c00424e784ba5b92151ebea4c69ce', '0.0', '92bc4665393a492393a1714312379de7', '4df3a30f87da44cfb6bd61ad6c86a005', 'aa4a7de39701439ab117724d4b7a9a53', '2018-09-11 10:45:29.419', '2018-09-11 10:45:29.413');
INSERT INTO application (id, step, resume_id, job_id, user_id, create_time, update_time) VALUES ('69b19a5f219a4c339737491badab4b85', '0.0', '0538a273eacb4ea19005627442a92346', '05b580643e0c4fc3a82fbb3f20ed515a', 'aa4a7de39701439ab117724d4b7a9a53', '2018-09-11 10:45:31.227', '2018-09-11 10:45:31.217');
INSERT INTO application (id, step, resume_id, job_id, user_id, create_time, update_time) VALUES ('4948b71e399d44cf8f5fd02728e92ea7', '0.0', '6388969d8d7a4ba0903ed07ca6964f8e', 'bed5ac692b1c4c09b8c133fafe793fb9', 'acc49561d7154b8ca009462142dbe5fd', '2018-09-11 10:46:08.064', '2018-09-11 10:46:08.054');
INSERT INTO application (id, step, resume_id, job_id, user_id, create_time, update_time) VALUES ('0d199a634fd048738ab015877a6556ed', '0.0', 'c4efea392da84ad8a675d8dc6e234ef5', '4df3a30f87da44cfb6bd61ad6c86a005', 'acc49561d7154b8ca009462142dbe5fd', '2018-09-11 10:46:11.917', '2018-09-11 10:46:11.91');
INSERT INTO application (id, step, resume_id, job_id, user_id, create_time, update_time) VALUES ('d7740b0a5bd94f159a9097583a04ece2', '0.0', 'f43fa754b484464983d5aa03b97e48aa', '05b580643e0c4fc3a82fbb3f20ed515a', 'acc49561d7154b8ca009462142dbe5fd', '2018-09-11 10:46:13.774', '2018-09-11 10:46:13.767');
INSERT INTO application (id, step, resume_id, job_id, user_id, create_time, update_time) VALUES ('edccefe1e61c4979b8a9f1ce5078436d', '0.0', 'f6a30c8759a6479f8b9b95195450b271', 'bed5ac692b1c4c09b8c133fafe793fb9', '9a5ae44e179449f0baad0f74e115ad13', '2018-09-11 10:47:10.572', '2018-09-11 10:47:10.566');
INSERT INTO application (id, step, resume_id, job_id, user_id, create_time, update_time) VALUES ('d4aa7acc49774394a08e14a156ef9c83', '0.0', 'cfc71f29a1a64983946f9cb7cf30967a', '4df3a30f87da44cfb6bd61ad6c86a005', '9a5ae44e179449f0baad0f74e115ad13', '2018-09-11 10:47:12.317', '2018-09-11 10:47:12.309');
INSERT INTO application (id, step, resume_id, job_id, user_id, create_time, update_time) VALUES ('ad9410825b404c59a77e0ebba5306a94', '0.0', '6d93f62a1e8b492d9460c3cf92e48151', '4df3a30f87da44cfb6bd61ad6c86a005', 'a2ee7e34d47f4c2fbb8496da39a5c552', '2018-09-11 10:47:12.682', '2018-09-11 10:47:12.675');
INSERT INTO application (id, step, resume_id, job_id, user_id, create_time, update_time) VALUES ('04a7a75b5426405fa975801b51e60da1', '0.0', 'c8c714e348c64d1194fab026015aee89', '05b580643e0c4fc3a82fbb3f20ed515a', '9a5ae44e179449f0baad0f74e115ad13', '2018-09-11 10:47:13.972', '2018-09-11 10:47:13.965');
INSERT INTO application (id, step, resume_id, job_id, user_id, create_time, update_time) VALUES ('cf744de8ec0746b7bfaf1692481b463a', '0.0', '3e9756ea412f46c0ab7df01baf0bb1ac', '4df3a30f87da44cfb6bd61ad6c86a005', '32aac421df254c6ebd8e8ac0658a1cbb', '2018-09-11 10:50:52.012', '2018-09-11 10:50:52.003');
INSERT INTO application (id, step, resume_id, job_id, user_id, create_time, update_time) VALUES ('d93aed23cff24e1e992b83720510afd9', '0.0', '9b0ac5489a3d480491391c1bd271d475', '05b580643e0c4fc3a82fbb3f20ed515a', 'f85a6603034f4ce48f064bf6c5280512', '2018-09-11 10:52:18.284', '2018-09-11 10:52:18.276');
INSERT INTO application (id, step, resume_id, job_id, user_id, create_time, update_time) VALUES ('7eba61ee033d4de58dd473c0a06967fb', '1.0', '90708065b88a452582319c3e5cfc9695', 'bed5ac692b1c4c09b8c133fafe793fb9', '6295b6cb0d884532a3cac1c3f744bde9', '2018-09-11 10:35:31.26', '2018-09-11 10:35:31.251');
INSERT INTO application (id, step, resume_id, job_id, user_id, create_time, update_time) VALUES ('6d0e879d0d6a4d6eb0d795b28de085b3', '1.0', '1448fe333ffb4df58a657b01de9ae148', 'bed5ac692b1c4c09b8c133fafe793fb9', 'eae6649eaac04b6ab54c3f806d3d4996', '2018-09-11 10:37:28.532', '2018-09-11 10:37:28.524');
INSERT INTO application (id, step, resume_id, job_id, user_id, create_time, update_time) VALUES ('807b481424d5428f89f54c08b5986920', '3.0', 'f4edbc35e7f5400aa3401228519fb1a5', 'bed5ac692b1c4c09b8c133fafe793fb9', '87f047482ac24444874235b7e2ac784d', '2018-09-11 10:41:27.438', '2018-09-11 10:41:27.429');
INSERT INTO application (id, step, resume_id, job_id, user_id, create_time, update_time) VALUES ('a505c37fce824c09876ea71cb072e6cc', '-1.0', '07f62af5e42546f3b4e85136390f0b36', 'bed5ac692b1c4c09b8c133fafe793fb9', '4f9322aa11a34a9d96ed076a1e8f4271', '2018-09-11 10:42:08.687', '2018-09-11 10:42:08.678');
INSERT INTO application (id, step, resume_id, job_id, user_id, create_time, update_time) VALUES ('b9f34f19a90d4c57918b4f1274596466', '+1.0', 'c45286c5302a4af1b553878876189fad', 'bed5ac692b1c4c09b8c133fafe793fb9', '12c659ac34cc4027a48afc803710f0c0', '2018-09-11 10:34:08.995', '2018-09-11 10:34:08.98');
INSERT INTO application (id, step, resume_id, job_id, user_id, create_time, update_time) VALUES ('1a284a8a534b421d856b9a951356baf1', '+1.0', '55d99581ec2a406795724fd4f8054c33', 'bed5ac692b1c4c09b8c133fafe793fb9', 'aa4a7de39701439ab117724d4b7a9a53', '2018-09-11 10:45:26.628', '2018-09-11 10:45:26.621');


--
-- TOC entry 7835 (class 0 OID 1252056)
-- Dependencies: 2301
-- Data for Name: appointed_time; Type: TABLE DATA; Schema: xu_xi_rd4; Owner: xu_xi
--
delete from appointed_time;
INSERT INTO appointed_time (id, start_date, end_date, start_time, operation_id, cooperator_id, application_id) VALUES ('d5e334d66683410dbdce3fa9ba08ce90', '2018-09-14 10:33:48', '2018-09-15 10:33:48', NULL, 'e3cc2228-7b3f-47fa-939c-e87162614085', '6', '807b481424d5428f89f54c08b5986920');
INSERT INTO appointed_time (id, start_date, end_date, start_time, operation_id, cooperator_id, application_id) VALUES ('96dfc8ceb2b642cca4f93434215a2bcb', '2018-09-14 10:33:48', '2018-09-15 10:33:48', NULL, 'e3cc2228-7b3f-47fa-939c-e87162614085', '6', '807b481424d5428f89f54c08b5986920');
INSERT INTO appointed_time (id, start_date, end_date, start_time, operation_id, cooperator_id, application_id) VALUES ('aa808dea44004d34836082765c4024e8', '2018-09-14 10:33:48', '2018-09-15 10:33:48', NULL, 'e3cc2228-7b3f-47fa-939c-e87162614085', '6', '807b481424d5428f89f54c08b5986920');
INSERT INTO appointed_time (id, start_date, end_date, start_time, operation_id, cooperator_id, application_id) VALUES ('2783d6cc181b45f4a4f19b44db824d8c', '2018-09-14 10:32:15', '2018-09-16 10:32:15', '2018-09-16 15:00:00', '0067f7dd-b92f-434b-b204-7c360ab11b49', '3', '6d0e879d0d6a4d6eb0d795b28de085b3');
INSERT INTO appointed_time (id, start_date, end_date, start_time, operation_id, cooperator_id, application_id) VALUES ('f33892478cfa4129b08959a4838414e8', '2018-09-14 10:32:57', '2018-09-15 10:32:57', '2018-09-14 13:00:00', '60023a92-2c51-4186-87a3-2717455b046d', '4', '807b481424d5428f89f54c08b5986920');
INSERT INTO appointed_time (id, start_date, end_date, start_time, operation_id, cooperator_id, application_id) VALUES ('10835145df8d4cf5a3db96f268767b83', '2018-09-14 10:32:57', '2018-09-15 10:32:57', '2018-09-14 14:00:00', '60023a92-2c51-4186-87a3-2717455b046d', '4', '807b481424d5428f89f54c08b5986920');
INSERT INTO appointed_time (id, start_date, end_date, start_time, operation_id, cooperator_id, application_id) VALUES ('53e67ff38b004927af4566c4f877c52b', '2018-09-14 10:32:57', '2018-09-15 10:32:57', '2018-09-14 15:00:00', '60023a92-2c51-4186-87a3-2717455b046d', '4', '807b481424d5428f89f54c08b5986920');
INSERT INTO appointed_time (id, start_date, end_date, start_time, operation_id, cooperator_id, application_id) VALUES ('8b0b2aa9b1204c78ad1a7a561b602f3f', '2018-09-14 10:40:04', '2018-09-15 10:40:04', '2018-09-15 09:00:00', 'c73cb815-6045-4124-b33a-b9d16ff95553', '5', '1a284a8a534b421d856b9a951356baf1');
INSERT INTO appointed_time (id, start_date, end_date, start_time, operation_id, cooperator_id, application_id) VALUES ('360a444658f94d0d86496f9404883e7d', '2018-09-14 10:40:04', '2018-09-15 10:40:04', '2018-09-15 11:00:00', 'c73cb815-6045-4124-b33a-b9d16ff95553', '5', '1a284a8a534b421d856b9a951356baf1');
INSERT INTO appointed_time (id, start_date, end_date, start_time, operation_id, cooperator_id, application_id) VALUES ('6563f5b658394d83a661942e94c7d7c5', '2018-09-14 10:37:13', '2018-09-16 10:37:13', '2018-09-16 09:00:00', '9a821713-0409-418a-a640-fce261775043', '6', 'a505c37fce824c09876ea71cb072e6cc');
INSERT INTO appointed_time (id, start_date, end_date, start_time, operation_id, cooperator_id, application_id) VALUES ('f3f445ad9d8440fbb6139da7f0f7a8b4', '2018-09-14 10:37:13', '2018-09-16 10:37:13', '2018-09-16 10:00:00', '9a821713-0409-418a-a640-fce261775043', '6', 'a505c37fce824c09876ea71cb072e6cc');
INSERT INTO appointed_time (id, start_date, end_date, start_time, operation_id, cooperator_id, application_id) VALUES ('ea3d210b53434910a6d2461f1062d57e', '2018-09-14 10:37:13', '2018-09-16 10:37:13', '2018-09-15 10:00:00', '9a821713-0409-418a-a640-fce261775043', '6', 'a505c37fce824c09876ea71cb072e6cc');


--
-- TOC entry 7836 (class 0 OID 1252062)
-- Dependencies: 2302
-- Data for Name: assessment; Type: TABLE DATA; Schema: xu_xi_rd4; Owner: xu_xi
--
delete from assessment;
INSERT INTO assessment (id, step, application_id, assessment_time, comment, pass, cooperator_id, interview_time) VALUES ('905bd3f5f74d4e4e9e8934a868d640e3', '1.0', '6d0e879d0d6a4d6eb0d795b28de085b3', '2018-09-13 10:32:28.109', ' ', 'assessing', NULL, NULL);
INSERT INTO assessment (id, step, application_id, assessment_time, comment, pass, cooperator_id, interview_time) VALUES ('edc38aa44f354ef3896c13455fa132a0', '1.0', '807b481424d5428f89f54c08b5986920', '2018-09-13 10:33:36.045', '优秀', 'pass', '4', NULL);
INSERT INTO assessment (id, step, application_id, assessment_time, comment, pass, cooperator_id, interview_time) VALUES ('2e9b694fef0e40afbbb7733a7fcc2991', '2.0', '807b481424d5428f89f54c08b5986920', '2018-09-13 10:34:55.979', 'he can drive quite well, and he is quite talented', 'pass', '6', NULL);
INSERT INTO assessment (id, step, application_id, assessment_time, comment, pass, cooperator_id, interview_time) VALUES ('e031646c0766443296a65218ca9b0773', '1.0', 'a505c37fce824c09876ea71cb072e6cc', '2018-09-13 10:39:49.487', 'he is not very clear of the traffic rules', 'fail', '6', NULL);
INSERT INTO assessment (id, step, application_id, assessment_time, comment, pass, cooperator_id, interview_time) VALUES ('7a1cfda5ee01448bab5ed738a4f27a48', '1.0', '7eba61ee033d4de58dd473c0a06967fb', '2018-09-13 10:32:28.099', ' ', 'assessing', '6', '2018-09-16 15:00:00');
INSERT INTO assessment (id, step, application_id, assessment_time, comment, pass, cooperator_id, interview_time) VALUES ('9ed724e00daf44798cf34169ac5ea8c2', '1.0', 'b9f34f19a90d4c57918b4f1274596466', '2018-09-13 10:42:48.971', 'quite well', 'pass', '3', '2018-09-14 14:00:00');
INSERT INTO assessment (id, step, application_id, assessment_time, comment, pass, cooperator_id, interview_time) VALUES ('9f0435e14b2d4149825013be5b56cf1e', '1.0', '1a284a8a534b421d856b9a951356baf1', '2018-09-13 10:43:47.274', 'very knowledgable, and very smart in dealing with people', 'pass', '5', '2018-09-15 10:00:00');


--
-- TOC entry 7837 (class 0 OID 1252068)
-- Dependencies: 2303
-- Data for Name: company; Type: TABLE DATA; Schema: xu_xi_rd4; Owner: xu_xi
--
delete from company;
INSERT INTO company (id, company_name, legal_person, status) VALUES ('779e64292cbd494ab65d864871de35ff', 'federal express', 'tyrel', 'company');
INSERT INTO company (id, company_name, legal_person, status) VALUES ('fa434f278af249828d59e7d3427d1ff9', '内蒙古蒙牛乳业（集团）股份有限公司', '卢敏放', 'company');


--
-- TOC entry 7838 (class 0 OID 1252074)
-- Dependencies: 2304
-- Data for Name: cooperator; Type: TABLE DATA; Schema: xu_xi_rd4; Owner: xu_xi
--
delete from cooperator;
INSERT INTO cooperator (id, company_id, name, department, email, phone) VALUES ('4', '779e64292cbd494ab65d864871de35ff', 'Bob', 'software', 'xu_xi@worksap.co.jp', NULL);
INSERT INTO cooperator (id, company_id, name, department, email, phone) VALUES ('3', '779e64292cbd494ab65d864871de35ff', 'Alice', 'software', 'xu_xi@worksap.co.jp', NULL);
INSERT INTO cooperator (id, company_id, name, department, email, phone) VALUES ('6', '779e64292cbd494ab65d864871de35ff', 'David', 'software', 'xu_xi@worksap.co.jp', NULL);
INSERT INTO cooperator (id, company_id, name, department, email, phone) VALUES ('5', '779e64292cbd494ab65d864871de35ff', 'Candy', 'software', 'xu_xi@worksap.co.jp', NULL);
INSERT INTO cooperator (id, company_id, name, department, email, phone) VALUES ('7', '779e64292cbd494ab65d864871de35ff', 'Eric', 'software', 'xu_xi@worksap.co.jp', NULL);


--
-- TOC entry 7839 (class 0 OID 1252080)
-- Dependencies: 2305
-- Data for Name: flyway_schema_history; Type: TABLE DATA; Schema: xu_xi_rd4; Owner: xu_xi
--

--
-- TOC entry 7840 (class 0 OID 1252087)
-- Dependencies: 2306
-- Data for Name: job; Type: TABLE DATA; Schema: xu_xi_rd4; Owner: xu_xi
--
delete from job;
INSERT INTO job (id, create_time, update_time, count, department, detail, name, company_id, remark) VALUES ('bed5ac692b1c4c09b8c133fafe793fb9', '2018-09-11 10:21:24.575', '2018-09-11 10:21:24.567', 14, 'delivery', '1. $20/day
2. 9.00 AM – 1.00 PM & 6.00PM – 10 PM
3. ride with your own vehicle', 'courier driver', '779e64292cbd494ab65d864871de35ff', 'more packages, more payment');
INSERT INTO job (id, create_time, update_time, count, department, detail, name, company_id, remark) VALUES ('4df3a30f87da44cfb6bd61ad6c86a005', '2018-09-11 10:28:12.451', '2018-09-11 10:28:12.446', 3, 'audit', 'Salary: $5500/month
We honor innovation, integrity and commitment. We have many formal policies, procedures and programs to bring out the best in our staff, individually and in teams.', 'internal auditor', '779e64292cbd494ab65d864871de35ff', 'work in singapore');
INSERT INTO job (id, create_time, update_time, count, department, detail, name, company_id, remark) VALUES ('05b580643e0c4fc3a82fbb3f20ed515a', '2018-09-11 10:37:33.401', '2018-09-11 10:37:33.396', 39, 'milk source department', '1. Responsible for the milk feed formula guidance and catering work of the Milk Source Division;
2. Develop pasture breeding plans, optimize the cost of veterinary and breeding in pastures, organize special training on pasture technology, and improve pasture operation capabilities;', 'Milk source management trainee', 'fa434f278af249828d59e7d3427d1ff9', NULL);


--
-- TOC entry 7841 (class 0 OID 1252093)
-- Dependencies: 2307
-- Data for Name: offer; Type: TABLE DATA; Schema: xu_xi_rd4; Owner: xu_xi
--
delete from offer;
INSERT INTO offer (id, application_id, company_id, result, send_status, offer_time, respond_time, remark) VALUES ('c1f948c07d834c84b84470fdbc773acf', '807b481424d5428f89f54c08b5986920', '779e64292cbd494ab65d864871de35ff', NULL, '0', '2018-09-13 10:35:23.455', NULL, NULL);


--
-- TOC entry 7842 (class 0 OID 1252099)
-- Dependencies: 2308
-- Data for Name: outbox; Type: TABLE DATA; Schema: xu_xi_rd4; Owner: xu_xi
--
delete from outbox;
INSERT INTO outbox (id, operation_id, application_id, link, subject, content) VALUES ('d4f203ac4640473ba8be8f08356e47d4', '0067f7dd-b92f-434b-b204-7c360ab11b49', 'b9f34f19a90d4c57918b4f1274596466', '', '', '');
INSERT INTO outbox (id, operation_id, application_id, link, subject, content) VALUES ('1bff70f00d294326a613493bf399a49a', '0067f7dd-b92f-434b-b204-7c360ab11b49', '7eba61ee033d4de58dd473c0a06967fb', '', '', '');
INSERT INTO outbox (id, operation_id, application_id, link, subject, content) VALUES ('66e1e2c3536d49a1acd83ee27cac86d2', '0067f7dd-b92f-434b-b204-7c360ab11b49', '6d0e879d0d6a4d6eb0d795b28de085b3', '', '', '');
INSERT INTO outbox (id, operation_id, application_id, link, subject, content) VALUES ('d84a77cbcba849239cddc9c27dada235', '60023a92-2c51-4186-87a3-2717455b046d', '807b481424d5428f89f54c08b5986920', '', '', '');
INSERT INTO outbox (id, operation_id, application_id, link, subject, content) VALUES ('aba3b3e77d7246fb946fcd2eb2fc008e', 'e3cc2228-7b3f-47fa-939c-e87162614085', '807b481424d5428f89f54c08b5986920', '', '', '');
INSERT INTO outbox (id, operation_id, application_id, link, subject, content) VALUES ('94156555e14c46e7b95d605fe3ab0c1e', '9a821713-0409-418a-a640-fce261775043', 'a505c37fce824c09876ea71cb072e6cc', '', '', '');
INSERT INTO outbox (id, operation_id, application_id, link, subject, content) VALUES ('e6ab30cb0ea74c57a242b8ab359c3c70', 'c73cb815-6045-4124-b33a-b9d16ff95553', '1a284a8a534b421d856b9a951356baf1', '', '', '');


--
-- TOC entry 7843 (class 0 OID 1252105)
-- Dependencies: 2309
-- Data for Name: resume; Type: TABLE DATA; Schema: xu_xi_rd4; Owner: xu_xi
--
delete from resume;
INSERT INTO resume (id, age, degree, email, gender, intro, major, name, open, phone, school) VALUES ('2cda401fd20141db9e38be30c8e8b8c8', 0, NULL, NULL, NULL, NULL, NULL, NULL, false, NULL, NULL);
INSERT INTO resume (id, age, degree, email, gender, intro, major, name, open, phone, school) VALUES ('24d868d084454e13b075b61c9083b617', 0, NULL, NULL, NULL, NULL, NULL, NULL, false, NULL, NULL);
INSERT INTO resume (id, age, degree, email, gender, intro, major, name, open, phone, school) VALUES ('b5a8c65a1cb248feb6808e82f5cc0a2d', 0, NULL, NULL, NULL, NULL, NULL, NULL, false, NULL, NULL);
INSERT INTO resume (id, age, degree, email, gender, intro, major, name, open, phone, school) VALUES ('c24106b6b485429389fadb7e6c4b41a5', 0, NULL, NULL, NULL, NULL, NULL, NULL, false, NULL, NULL);
INSERT INTO resume (id, age, degree, email, gender, intro, major, name, open, phone, school) VALUES ('1d3f1e90e00f4190a206b4f5c32b2af4', 0, NULL, NULL, NULL, NULL, NULL, NULL, false, NULL, NULL);
INSERT INTO resume (id, age, degree, email, gender, intro, major, name, open, phone, school) VALUES ('913baa845073448d8f3da890bdc5dfd0', 0, NULL, NULL, NULL, NULL, NULL, NULL, false, NULL, NULL);
INSERT INTO resume (id, age, degree, email, gender, intro, major, name, open, phone, school) VALUES ('39c0741ee37b4bd680cef45eba7fb531', 0, NULL, NULL, NULL, NULL, NULL, NULL, false, NULL, NULL);
INSERT INTO resume (id, age, degree, email, gender, intro, major, name, open, phone, school) VALUES ('0538a273eacb4ea19005627442a92346', 21, NULL, 'xu_xi@worksap.co.jp', 'male', 'I know people thinking', 'marketing', 'Ike', true, NULL, 'pku');
INSERT INTO resume (id, age, degree, email, gender, intro, major, name, open, phone, school) VALUES ('794ceb76ff1d4ff19f7a6b36107c99f7', 22, NULL, 'xu_xi@worksap.co.jp', 'male', '', 'delivery', 'Albert', false, NULL, 'MIT');
INSERT INTO resume (id, age, degree, email, gender, intro, major, name, open, phone, school) VALUES ('c45286c5302a4af1b553878876189fad', 22, NULL, 'xu_xi@worksap.co.jp', 'male', '', 'delivery', 'Albert', false, NULL, 'MIT');
INSERT INTO resume (id, age, degree, email, gender, intro, major, name, open, phone, school) VALUES ('4058a303d3af4080a892b801ea3430c6', 22, NULL, 'xu_xi@worksap.co.jp', 'male', '', 'delivery', 'Albert', false, NULL, 'MIT');
INSERT INTO resume (id, age, degree, email, gender, intro, major, name, open, phone, school) VALUES ('0c78b2ad0a2749e497213284429f3122', 26, NULL, 'xu_xi@worksap.co.jp', 'male', NULL, 'biology', 'Jacob', true, NULL, 'MIT');
INSERT INTO resume (id, age, degree, email, gender, intro, major, name, open, phone, school) VALUES ('90708065b88a452582319c3e5cfc9695', 26, NULL, 'xu_xi@worksap.co.jp', 'male', NULL, 'biology', 'Jacob', true, NULL, 'MIT');
INSERT INTO resume (id, age, degree, email, gender, intro, major, name, open, phone, school) VALUES ('755d7c026ac2456bb8321a1870c41d8e', 26, NULL, 'xu_xi@worksap.co.jp', 'male', NULL, 'biology', 'Jacob', true, NULL, 'MIT');
INSERT INTO resume (id, age, degree, email, gender, intro, major, name, open, phone, school) VALUES ('2f5b73a42ce04de2972c707751c045c4', 24, NULL, 'xu_xi@worksap.co.jp', 'male', 'I''m good at running bussiness', 'Bussiness', 'Garry', true, NULL, 'Cambridge University');
INSERT INTO resume (id, age, degree, email, gender, intro, major, name, open, phone, school) VALUES ('1448fe333ffb4df58a657b01de9ae148', 24, NULL, 'xu_xi@worksap.co.jp', 'male', 'I''m good at running bussiness', 'Bussiness', 'Garry', true, NULL, 'Cambridge University');
INSERT INTO resume (id, age, degree, email, gender, intro, major, name, open, phone, school) VALUES ('8f629adf6d5b41a381b4ac8630d640b6', 24, NULL, 'xu_xi@worksap.co.jp', 'male', 'I''m good at running bussiness', 'Bussiness', 'Garry', true, NULL, 'Cambridge University');
INSERT INTO resume (id, age, degree, email, gender, intro, major, name, open, phone, school) VALUES ('9ab69fea127d41e9bb3c888de5f0e380', 24, NULL, 'xu_xi@worksap.co.jp', 'female', NULL, 'biology', 'York', false, NULL, 'Cambridge University');
INSERT INTO resume (id, age, degree, email, gender, intro, major, name, open, phone, school) VALUES ('b7d2bdc27c864b889e02046a56fbba23', 24, NULL, 'xu_xi@worksap.co.jp', 'female', NULL, 'biology', 'York', false, NULL, 'Cambridge University');
INSERT INTO resume (id, age, degree, email, gender, intro, major, name, open, phone, school) VALUES ('d178416261054123915d7f80ba127b55', 24, NULL, 'xu_xi@worksap.co.jp', 'female', NULL, 'biology', 'York', false, NULL, 'Cambridge University');
INSERT INTO resume (id, age, degree, email, gender, intro, major, name, open, phone, school) VALUES ('bb13c274cc23491fb1e7eb89a5a5fba2', 38, NULL, 'xu_xi@worksap.co.jp', 'male', 'I''m scientist!!!', 'Milk', 'Darwin', true, NULL, 'Cambridge University');
INSERT INTO resume (id, age, degree, email, gender, intro, major, name, open, phone, school) VALUES ('3855b75463374d72bdf945e3e4a46f72', 25, NULL, 'zhai_g@worksap.co.jp', 'female', 'Electronic Engineering', 'EE', 'Pisces', false, NULL, 'SEU');
INSERT INTO resume (id, age, degree, email, gender, intro, major, name, open, phone, school) VALUES ('d857707a76694e6795d7952a663da1b1', 38, NULL, 'xu_xi@worksap.co.jp', 'male', 'I''m scientist!!!', 'Milk', 'Darwin', true, NULL, 'Cambridge University');
INSERT INTO resume (id, age, degree, email, gender, intro, major, name, open, phone, school) VALUES ('872d907f837549c29c62c337b30b7efc', 38, NULL, 'xu_xi@worksap.co.jp', 'male', 'I''m scientist!!!', 'Milk', 'Darwin', true, NULL, 'Cambridge University');
INSERT INTO resume (id, age, degree, email, gender, intro, major, name, open, phone, school) VALUES ('f4edbc35e7f5400aa3401228519fb1a5', 38, NULL, 'xu_xi@worksap.co.jp', 'male', 'I''m scientist!!!', 'Milk', 'Darwin', true, NULL, 'Cambridge University');
INSERT INTO resume (id, age, degree, email, gender, intro, major, name, open, phone, school) VALUES ('07fa78763f1c478d8bd4f7596a7268d5', 25, NULL, 'zhai_g@worksap.co.jp', 'female', 'Electronic Engineering', 'EE', 'Pisces', false, NULL, 'SEU');
INSERT INTO resume (id, age, degree, email, gender, intro, major, name, open, phone, school) VALUES ('7e02a3237b644307bcf800deb9b11a52', 31, NULL, 'xu_xi@worksap.co.jp', 'male', 'I''m good at cooking steak', 'cook', 'Felix', true, NULL, 'Cambridge University');
INSERT INTO resume (id, age, degree, email, gender, intro, major, name, open, phone, school) VALUES ('07f62af5e42546f3b4e85136390f0b36', 31, NULL, 'xu_xi@worksap.co.jp', 'male', 'I''m good at cooking steak', 'cook', 'Felix', true, NULL, 'Cambridge University');
INSERT INTO resume (id, age, degree, email, gender, intro, major, name, open, phone, school) VALUES ('01d5d1c1096f453398243726d67d47b7', 31, NULL, 'xu_xi@worksap.co.jp', 'male', 'I''m good at cooking steak', 'cook', 'Felix', true, NULL, 'Cambridge University');
INSERT INTO resume (id, age, degree, email, gender, intro, major, name, open, phone, school) VALUES ('787a2610c711493e9fa14eba0ae3d3da', 31, NULL, 'xu_xi@worksap.co.jp', 'male', 'I''m good at cooking steak', 'cook', 'Felix', true, NULL, 'Cambridge University');
INSERT INTO resume (id, age, degree, email, gender, intro, major, name, open, phone, school) VALUES ('5264d2af46854ace9be10be73f206182', 32, NULL, 'xu_xi@worksap.co.jp', 'male', 'Drive makes me happy', 'Delivery', 'Hackett', true, NULL, 'thu');
INSERT INTO resume (id, age, degree, email, gender, intro, major, name, open, phone, school) VALUES ('a42ee0e011a7469382961da1560bcdcf', 32, NULL, 'xu_xi@worksap.co.jp', 'male', 'Drive makes me happy', 'Delivery', 'Hackett', true, NULL, 'thu');
INSERT INTO resume (id, age, degree, email, gender, intro, major, name, open, phone, school) VALUES ('2681b697568b4d2d8e37dd29fbbeb297', 32, NULL, 'xu_xi@worksap.co.jp', 'male', 'Drive makes me happy', 'Delivery', 'Hackett', true, NULL, 'thu');
INSERT INTO resume (id, age, degree, email, gender, intro, major, name, open, phone, school) VALUES ('f635a33819c945aaaf5dfa10af21998d', 32, NULL, 'xu_xi@worksap.co.jp', 'male', 'Drive makes me happy', 'Delivery', 'Hackett', true, NULL, 'thu');
INSERT INTO resume (id, age, degree, email, gender, intro, major, name, open, phone, school) VALUES ('d1c23bc89b2d4e2fa8f445b6fb643baf', 27, NULL, 'xu_xi@worksap.co.jp', 'male', 'I love driving', 'cs', 'karl', true, NULL, 'pku');
INSERT INTO resume (id, age, degree, email, gender, intro, major, name, open, phone, school) VALUES ('39ff3500a9c044aeb0282bb9bf39e1aa', 22, NULL, 'xu_xi@worksap.co.jp', 'male', 'I can move heavy things, I''m strong like a hammer', NULL, 'Hammer', true, NULL, NULL);
INSERT INTO resume (id, age, degree, email, gender, intro, major, name, open, phone, school) VALUES ('5b386988224945ed87ffcf8a569e1221', 22, NULL, 'xu_xi@worksap.co.jp', 'male', 'I can move heavy things, I''m strong like a hammer', NULL, 'Hammer', true, NULL, NULL);
INSERT INTO resume (id, age, degree, email, gender, intro, major, name, open, phone, school) VALUES ('69eb91b18a1b44ffb39dca87961f3391', 22, NULL, 'xu_xi@worksap.co.jp', 'male', 'I can move heavy things, I''m strong like a hammer', NULL, 'Hammer', true, NULL, NULL);
INSERT INTO resume (id, age, degree, email, gender, intro, major, name, open, phone, school) VALUES ('48e8681acfc24cb89e926347da1d17a1', 22, NULL, 'xu_xi@worksap.co.jp', 'male', 'I can move heavy things, I''m strong like a hammer', NULL, 'Hammer', true, NULL, NULL);
INSERT INTO resume (id, age, degree, email, gender, intro, major, name, open, phone, school) VALUES ('7f558ca1c5d8415383c4a8983f63d343', 18, NULL, 'zhai_g@worksap.co.jp', 'female', 'I am specalized in fermentation ', 'Food Science', 'Aries', false, NULL, 'SEU');
INSERT INTO resume (id, age, degree, email, gender, intro, major, name, open, phone, school) VALUES ('1eefa451572445058374039cb8b2362d', 18, NULL, 'zhai_g@worksap.co.jp', 'female', 'I am specalized in fermentation ', 'Food Science', 'Aries', false, NULL, 'SEU');
INSERT INTO resume (id, age, degree, email, gender, intro, major, name, open, phone, school) VALUES ('1905b79b63cd48b082c19ce91d7ea968', 21, NULL, 'xu_xi@worksap.co.jp', 'male', 'I know people thinking', 'marketing', 'Ike', true, NULL, 'pku');
INSERT INTO resume (id, age, degree, email, gender, intro, major, name, open, phone, school) VALUES ('55d99581ec2a406795724fd4f8054c33', 21, NULL, 'xu_xi@worksap.co.jp', 'male', 'I know people thinking', 'marketing', 'Ike', true, NULL, 'pku');
INSERT INTO resume (id, age, degree, email, gender, intro, major, name, open, phone, school) VALUES ('92bc4665393a492393a1714312379de7', 21, NULL, 'xu_xi@worksap.co.jp', 'male', 'I know people thinking', 'marketing', 'Ike', true, NULL, 'pku');
INSERT INTO resume (id, age, degree, email, gender, intro, major, name, open, phone, school) VALUES ('6388969d8d7a4ba0903ed07ca6964f8e', 27, NULL, 'xu_xi@worksap.co.jp', 'male', 'I love driving', 'cs', 'karl', true, NULL, 'pku');
INSERT INTO resume (id, age, degree, email, gender, intro, major, name, open, phone, school) VALUES ('c4efea392da84ad8a675d8dc6e234ef5', 27, NULL, 'xu_xi@worksap.co.jp', 'male', 'I love driving', 'cs', 'karl', true, NULL, 'pku');
INSERT INTO resume (id, age, degree, email, gender, intro, major, name, open, phone, school) VALUES ('f43fa754b484464983d5aa03b97e48aa', 27, NULL, 'xu_xi@worksap.co.jp', 'male', 'I love driving', 'cs', 'karl', true, NULL, 'pku');
INSERT INTO resume (id, age, degree, email, gender, intro, major, name, open, phone, school) VALUES ('08b53cc2448c401fb81360ed856fdb47', 24, NULL, 'zhai_g@worksap.co.jp', 'male', 'I can fix computers', 'CS', 'Taurus', false, NULL, 'SEU');
INSERT INTO resume (id, age, degree, email, gender, intro, major, name, open, phone, school) VALUES ('4e255398e33346dba3e3bb8d01ea25a1', 29, NULL, 'xu_xi@worksap.co.jp', 'male', 'I''m good at calc', 'math', 'Langston', false, NULL, 'thu');
INSERT INTO resume (id, age, degree, email, gender, intro, major, name, open, phone, school) VALUES ('f6a30c8759a6479f8b9b95195450b271', 29, NULL, 'xu_xi@worksap.co.jp', 'male', 'I''m good at calc', 'math', 'Langston', false, NULL, 'thu');
INSERT INTO resume (id, age, degree, email, gender, intro, major, name, open, phone, school) VALUES ('cfc71f29a1a64983946f9cb7cf30967a', 29, NULL, 'xu_xi@worksap.co.jp', 'male', 'I''m good at calc', 'math', 'Langston', false, NULL, 'thu');
INSERT INTO resume (id, age, degree, email, gender, intro, major, name, open, phone, school) VALUES ('6d93f62a1e8b492d9460c3cf92e48151', 24, NULL, 'zhai_g@worksap.co.jp', 'male', 'I can fix computers', 'CS', 'Taurus', false, NULL, 'SEU');
INSERT INTO resume (id, age, degree, email, gender, intro, major, name, open, phone, school) VALUES ('c8c714e348c64d1194fab026015aee89', 29, NULL, 'xu_xi@worksap.co.jp', 'male', 'I''m good at calc', 'math', 'Langston', false, NULL, 'thu');
INSERT INTO resume (id, age, degree, email, gender, intro, major, name, open, phone, school) VALUES ('8c1bd26b53b34449b741b59af1ff727b', 28, NULL, 'zhai_g@worksap.co.jp', 'male', 'I can do business', 'MBA', 'Gemini', false, NULL, 'Havard University');
INSERT INTO resume (id, age, degree, email, gender, intro, major, name, open, phone, school) VALUES ('3e9756ea412f46c0ab7df01baf0bb1ac', 28, NULL, 'zhai_g@worksap.co.jp', 'male', 'I can do business', 'MBA', 'Gemini', false, NULL, 'Havard University');
INSERT INTO resume (id, age, degree, email, gender, intro, major, name, open, phone, school) VALUES ('a7e8a0b1c29f44cea41afcffd0746d45', 24, NULL, 'zhai_g@worksap.co.jp', 'male', 'I can fix computers too', 'CS', 'Cancer', false, NULL, 'MCU');
INSERT INTO resume (id, age, degree, email, gender, intro, major, name, open, phone, school) VALUES ('9b0ac5489a3d480491391c1bd271d475', 24, NULL, 'zhai_g@worksap.co.jp', 'male', 'I can fix computers too', 'CS', 'Cancer', false, NULL, 'MCU');


--
-- TOC entry 7844 (class 0 OID 1252111)
-- Dependencies: 2310
-- Data for Name: step; Type: TABLE DATA; Schema: xu_xi_rd4; Owner: xu_xi
--
delete from step;
INSERT INTO step (id, job_id, index, name) VALUES ('1', '-1', 0.000000, 'Resume filter');
INSERT INTO step (id, job_id, index, name) VALUES ('2', '-1', 1.000000, 'Review');
INSERT INTO step (id, job_id, index, name) VALUES ('3', '-1', 2.000000, 'Assessment');
INSERT INTO step (id, job_id, index, name) VALUES ('4', '-1', 3.000000, 'Offer');
INSERT INTO step (id, job_id, index, name) VALUES ('9', '4df3a30f87da44cfb6bd61ad6c86a005', 4.000000, 'Offer');
INSERT INTO step (id, job_id, index, name) VALUES ('6', '4df3a30f87da44cfb6bd61ad6c86a005', 1.000000, 'Group Interview');
INSERT INTO step (id, job_id, index, name) VALUES ('5', '4df3a30f87da44cfb6bd61ad6c86a005', 0.000000, 'Resume filter');
INSERT INTO step (id, job_id, index, name) VALUES ('8', '4df3a30f87da44cfb6bd61ad6c86a005', 3.000000, 'Assessment');
INSERT INTO step (id, job_id, index, name) VALUES ('7', '4df3a30f87da44cfb6bd61ad6c86a005', 2.000000, 'Review');


--
-- TOC entry 7845 (class 0 OID 1252117)
-- Dependencies: 2311
-- Data for Name: user; Type: TABLE DATA; Schema: xu_xi_rd4; Owner: xu_xi
--
delete from "user";
INSERT INTO "user" (id, email, password, role, username, resume_id, company_id) VALUES ('1', 'admin@admin.com', '$2a$10$N.zmdr9k7uOCQb376NoUnuTJ8iAt6Z5EHsM8lE9lBOsl7iKTVKIUi', 'admin', 'admin', NULL, NULL);
INSERT INTO "user" (id, email, password, role, username, resume_id, company_id) VALUES ('b46730fd0cf4439e9b0e70b2a87d0229', 'chorespore@163.com', '$2a$10$tNQixH9vKiPaJoLCQT2uQOgXV/Wxm6z7WBWvP1jY8hAQ2G5WlYo1e', 'hr', 'chuck', NULL, '779e64292cbd494ab65d864871de35ff');
INSERT INTO "user" (id, email, password, role, username, resume_id, company_id) VALUES ('e98a28756cae4e648d70b02e42aa5ae0', 'chorespore@163.com', '$2a$10$lnTYEod4ALmSYQmc3nSTOeTpjzwj6JI1zkMvq.weoBQZ1x1P6M1Je', 'hr', 'wilson', NULL, '779e64292cbd494ab65d864871de35ff');
INSERT INTO "user" (id, email, password, role, username, resume_id, company_id) VALUES ('12c659ac34cc4027a48afc803710f0c0', 'xu_xi@worksap.co.jp', '$2a$10$h5K.6dvU7LU8qfQ6Q/nff.tUtAnwQP.OQpVOYbCAmo3uCGkDP1ee.', 'candidate', 'Albert', '794ceb76ff1d4ff19f7a6b36107c99f7', NULL);
INSERT INTO "user" (id, email, password, role, username, resume_id, company_id) VALUES ('340d50fb7abb42b8b284d9f27e7f690e', 'zhai_g@worksap.co.jp', '$2a$10$AKw/T7hDovlPPgALn8fdG.xeLcqfB8rg2Kk.TI62KCSM/qXHEoUAm', 'candidate', 'Aries', '7f558ca1c5d8415383c4a8983f63d343', NULL);
INSERT INTO "user" (id, email, password, role, username, resume_id, company_id) VALUES ('a2ee7e34d47f4c2fbb8496da39a5c552', 'zhai_g@worksap.co.jp', '$2a$10$PgNGk4KYnR/vNN6wyDQ8xeyUIi0JjkaVaHuqMDQ3dTheh01wqmqyK', 'candidate', 'Taurus', '08b53cc2448c401fb81360ed856fdb47', NULL);
INSERT INTO "user" (id, email, password, role, username, resume_id, company_id) VALUES ('6295b6cb0d884532a3cac1c3f744bde9', 'xu_xi@worksap.co.jp', '$2a$10$DDsKmb7HMPy8bftE1EJuXOMI0CEl1fWTvVhP3W40Cadp/W5zirYMq', 'candidate', 'Jacob', '0c78b2ad0a2749e497213284429f3122', NULL);
INSERT INTO "user" (id, email, password, role, username, resume_id, company_id) VALUES ('32aac421df254c6ebd8e8ac0658a1cbb', 'zhai_g@worksap.co.jp', '$2a$10$ta/YF/fCXXM1dCBlyF3pJ.1rFW0dX2JY8nuYRm3tu/Q8kXZWnsGM2', 'candidate', 'Gemini', '8c1bd26b53b34449b741b59af1ff727b', NULL);
INSERT INTO "user" (id, email, password, role, username, resume_id, company_id) VALUES ('eae6649eaac04b6ab54c3f806d3d4996', 'xu_xi@worksap.co.jp', '$2a$10$upy97Is1Qmm/SsZmXoakNu/Qpn4GCtJU3Ai.hjmYYr4wLvOOX2gM.', 'candidate', 'Garry', '2f5b73a42ce04de2972c707751c045c4', NULL);
INSERT INTO "user" (id, email, password, role, username, resume_id, company_id) VALUES ('f85a6603034f4ce48f064bf6c5280512', 'zhai_g@worksap.co.jp', '$2a$10$03SdTKu77o2OYq44pfG23.5sRQ5EzuNlnq9o8TVkOGooQMrDky.Z.', 'candidate', 'Cancer', 'a7e8a0b1c29f44cea41afcffd0746d45', NULL);
INSERT INTO "user" (id, email, password, role, username, resume_id, company_id) VALUES ('628c515fe6d2423a8d5c3bc0856664e7', 'xu_xi@worksap.co.jp', '$2a$10$3ZttURIDJAh8mA1EONdE1eEBmqyYdUt0vs/qrmM5nze7rz18eFKn2', 'candidate', 'York', '9ab69fea127d41e9bb3c888de5f0e380', NULL);
INSERT INTO "user" (id, email, password, role, username, resume_id, company_id) VALUES ('64d5878fd01743efa2f0385f9194a0a5', 'zhai_g@worksap.co.jp', '$2a$10$pUod7KCD/jpw3uoOKm65oem1dQ1X1ISStexrlJePxRMiUguJYFuw2', 'candidate', 'Leo', '2cda401fd20141db9e38be30c8e8b8c8', NULL);
INSERT INTO "user" (id, email, password, role, username, resume_id, company_id) VALUES ('87f047482ac24444874235b7e2ac784d', 'xu_xi@worksap.co.jp', '$2a$10$6/4KSHX1FMuZoM06Beofp.O4MCF8m4Wucz1NIXCTOE9wiJJW7PTyG', 'candidate', 'Darwin', 'bb13c274cc23491fb1e7eb89a5a5fba2', NULL);
INSERT INTO "user" (id, email, password, role, username, resume_id, company_id) VALUES ('c1c841ca683741c2a5ba3ae7d36dbc35', 'zhai_g@worksap.co.jp', '$2a$10$CaRzzvvBLazGTmNutUXJSemDUB7oEoZl0ZNNZ7jqU.4LwMOuquMwi', 'candidate', 'Virgo', '24d868d084454e13b075b61c9083b617', NULL);
INSERT INTO "user" (id, email, password, role, username, resume_id, company_id) VALUES ('4f9322aa11a34a9d96ed076a1e8f4271', 'xu_xi@worksap.co.jp', '$2a$10$4YK4wJrYBfSkfCFPWNsJOu6H4AF7lqehuc1HUS0eGqJoNyT1yU7Ta', 'candidate', 'Felix', '7e02a3237b644307bcf800deb9b11a52', NULL);
INSERT INTO "user" (id, email, password, role, username, resume_id, company_id) VALUES ('727399be28b044e08723985b6d61ea0c', 'zhai_g@worksap.co.jp', '$2a$10$wcISZsRY0SZkZpiWxrRd6eo2ZpT.jB7jwWE776tUfXWTZC2dqB0Ym', 'candidate', 'Libra', 'b5a8c65a1cb248feb6808e82f5cc0a2d', NULL);
INSERT INTO "user" (id, email, password, role, username, resume_id, company_id) VALUES ('d6f61fcc35944c53955358de7b28e8ee', 'zhai_g@worksap.co.jp', '$2a$10$aFXwT.sLaFGlYqx8SvckfOrE3D3KsjYdVwmFgoxLv7KnKVBKpm4dW', 'candidate', 'Scorpio', 'c24106b6b485429389fadb7e6c4b41a5', NULL);
INSERT INTO "user" (id, email, password, role, username, resume_id, company_id) VALUES ('81f3df113ed04218b42a6767e321fc6e', 'zhai_g@worksap.co.jp', '$2a$10$Bjm8UaX/VgmH/wuw4w7N1.KaHcbzf6b.XYJzOx8u59aanHhe/ZT42', 'candidate', 'Sagittarius', '1d3f1e90e00f4190a206b4f5c32b2af4', NULL);
INSERT INTO "user" (id, email, password, role, username, resume_id, company_id) VALUES ('9c22f66a30844cbeb4c2b79beb12a35e', 'xu_xi@worksap.co.jp', '$2a$10$IE46xQZNbjcLCUg6xgHwh.D6KMUw/SEVed1ywlEH22d./vrwuK/ey', 'candidate', 'Hackett', '5264d2af46854ace9be10be73f206182', NULL);
INSERT INTO "user" (id, email, password, role, username, resume_id, company_id) VALUES ('64745d7151bf4785b9bd46fcde4e3bad', 'zhai_g@worksap.co.jp', '$2a$10$5aiF1MDvLj7KKH4.GNipbeT6uAaPD.K2rJzZySDPMsmf9GY2abuY2', 'candidate', 'Capricornus', '913baa845073448d8f3da890bdc5dfd0', NULL);
INSERT INTO "user" (id, email, password, role, username, resume_id, company_id) VALUES ('8f75b4944684454a9702c9500b2d7ffd', 'xu_xi@worksap.co.jp', '$2a$10$IbJLzeu2mkn2FIjyFk6SQOAJj2702UaDta0fAYNp12YpQB3K6xWQS', 'candidate', 'Hammer', '39ff3500a9c044aeb0282bb9bf39e1aa', NULL);
INSERT INTO "user" (id, email, password, role, username, resume_id, company_id) VALUES ('e334f8a9949e48c99cfd45d83cbdb8c7', 'zhai_g@worksap.co.jp', '$2a$10$tF5YFZK8V5VbsWs2RTJ.C.yasu0WJIK.icW.9YuKxAn7BMPaD8nDO', 'candidate', 'Aquarius', '39c0741ee37b4bd680cef45eba7fb531', NULL);
INSERT INTO "user" (id, email, password, role, username, resume_id, company_id) VALUES ('aa4a7de39701439ab117724d4b7a9a53', 'xu_xi@worksap.co.jp', '$2a$10$DLwYZaDv1oXx7gbTd1IBgeOnWVt4tRTrnkOcKY0Pjm7BF7CpoLDIi', 'candidate', 'Ike', '1905b79b63cd48b082c19ce91d7ea968', NULL);
INSERT INTO "user" (id, email, password, role, username, resume_id, company_id) VALUES ('acc49561d7154b8ca009462142dbe5fd', 'xu_xi@worksap.co.jp', '$2a$10$pApxRuakDlvnhJ2cQswifOFwe5l4PADZ3t3qq7VHA3zXyuGFm0fSO', 'candidate', 'Karl', 'd1c23bc89b2d4e2fa8f445b6fb643baf', NULL);
INSERT INTO "user" (id, email, password, role, username, resume_id, company_id) VALUES ('9a5ae44e179449f0baad0f74e115ad13', 'xu_xi@worksap.co.jp', '$2a$10$howTSxicDYu3Pd8P3sxZ/OHVaKAHZ3h.73QEhBlY2nV3dNmpqHITa', 'candidate', 'Langston', '4e255398e33346dba3e3bb8d01ea25a1', NULL);
INSERT INTO "user" (id, email, password, role, username, resume_id, company_id) VALUES ('0f80a33b49c949d199c74763f67f19ce', 'zhai_g@worksap.co.jp', '$2a$10$9YMfLAXJU89/t2FBk0cHnuR3LX6m.EH7iCfHlrIwyzrpTneGbg0ii', 'candidate', 'Pisces', '3855b75463374d72bdf945e3e4a46f72', NULL);
INSERT INTO "user" (id, email, password, role, username, resume_id, company_id) VALUES ('658032666cf74bcb863898a9e2aeb030', 'chorespore@163.com', '$2a$10$ilgE4uxm/skQNgrJhmnQHuEPIT9WyWFDnhWj8EYsfX9hp8EmRVuMO', 'hr', 'mengniu', NULL, 'fa434f278af249828d59e7d3427d1ff9');


-- Completed on 2018-09-13 10:59:07

--
-- PostgreSQL database dump complete
--

